{
	"normal": {
		"sunColor": {
			"0.75": {
				"r": 0.0,
				"g": 0.0,
				"b": 0.0,
				"a": 0.0
			},
			"0.875": {
				"r": 0.439216,
				"g": 0.090196,
				"b": 0.0,
				"a": 0.0
			},
			"0.0": {
				"r": 1.0,
				"g": 1.0,
				"b": 0.109804,
				"a": 0.0
			},
			"0.125": {
				"r": 1.0,
				"g": 1.0,
				"b": 1.0,
				"a": 0.0
			},
			"0.25": {
				"r": 1.0,
				"g": 1.0,
				"b": 1.0,
				"a": 0.0
			},
			"0.375": {
				"r": 1.0,
				"g": 1.0,
				"b": 1.0,
				"a": 0.0
			},
			"0.5": {
				"r": 0.486275,
				"g": 0.266667,
				"b": 0.113725,
				"a": 0.0
			},
			"0.625": {
				"r": 0.0,
				"g": 0.0,
				"b": 0.0,
				"a": 0.0
			}
		},
		"sunLightColor": {
			"0": {
				"r": 0.949,
				"g": 0.851,
				"b": 0.263,
				"a": 1.0
			},
			"0.25": {
				"r": 0.8,
				"g": 0.8,
				"b": 0.8,
				"a": 1.0
			},
			"0.375": {
				"r": 0.849,
				"g": 0.79,
				"b": 0.763,
				"a": 1.0
			},
			"0.4375": {
				"r": 0.949,
				"g": 0.851,
				"b": 0.263,
				"a": 1.0
			},
			"0.5": {
				"r": 0.949,
				"g": 0.851,
				"b": 0.263,
				"a": 1.0
			},
			"0.625": {
				"r": 0.949,
				"g": 0.851,
				"b": 0.263,
				"a": 1.0
			}
		},
		"ambLightColor": {
			"0.75": {
				"r": 0.184314,
				"g": 0.227451,
				"b": 0.25098,
				"a": 0.0
			},
			"0.875": {
				"r": 0.3,
				"g": 0.1,
				"b": 0.0,
				"a": 0.0
			},
			"0.0": {
				"r": 0.3,
				"g": 0.1,
				"b": 0.0,
				"a": 0.0
			},
			"0.125": {
				"r": 0.054902,
				"g": 0.137255,
				"b": 0.152941,
				"a": 0.0
			},
			"0.25": {
				"r": 0.090196,
				"g": 0.196078,
				"b": 0.223529,
				"a": 0.0
			},
			"0.375": {
				"r": 0.07451,
				"g": 0.101961,
				"b": 0.101961,
				"a": 0.0
			},
			"0.5": {
				"r": 0.466667,
				"g": 0.05098,
				"b": 0.05098,
				"a": 0.0
			},
			"0.625": {
				"r": 0.0,
				"g": 0.0,
				"b": 0.0,
				"a": 0.0
			}
		},
		"skyTopColor": {
			"0": {
				"r": 0.09,
				"g": 0.106,
				"b": 0.129,
				"a": 1.0
			},
			"0.5": {
				"r": 0.09,
				"g": 0.106,
				"b": 0.129,
				"a": 1.0
			},
			"0.75": {
				"r": 0.054902,
				"g": 0.086275,
				"b": 0.121569,
				"a": 1.0
			}
		},
		"skyMiddleColor": {
			"0": {
				"r": 0.741,
				"g": 0.871,
				"b": 0.882,
				"a": 1.0
			},
			"0.375": {
				"r": 0.741,
				"g": 0.871,
				"b": 0.882,
				"a": 1.0
			},
			"0.5": {
				"r": 0.949,
				"g": 0.851,
				"b": 0.263,
				"a": 1.0
			},
			"0.75": {
				"r": 0.266667,
				"g": 0.321569,
				"b": 0.337255,
				"a": 1.0
			}
		},
		"skyBottomColor": {
			"0": {
				"r": 0.09,
				"g": 0.106,
				"b": 0.129,
				"a": 1.0
			},
			"0.5": {
				"r": 0.09,
				"g": 0.106,
				"b": 0.129,
				"a": 1.0
			},
			"0.75": {
				"r": 0.054902,
				"g": 0.086275,
				"b": 0.121569,
				"a": 1.0
			}
		},
		"sunShineColor": {
			"0.375": {
				"r": 0,
				"g": 0,
				"b": 0,
				"a": 0
			},
			"0.5": {
				"r": 0.949,
				"g": 0.851,
				"b": 0.263,
				"a": 1
			},
			"0.625": {
				"r": 0,
				"g": 0,
				"b": 0,
				"a": 0
			}
		},
		"starsColor": {
			"0.75": {
				"r": 1.0,
				"g": 1.0,
				"b": 1.0,
				"a": 1.0
			},
			"0.875": {
				"r": 0.0,
				"g": 0.0,
				"b": 0.0,
				"a": 0.0
			},
			"0.0": {
				"r": 0.0,
				"g": 0.0,
				"b": 0.0,
				"a": 0.0
			},
			"0.125": {
				"r": 0.0,
				"g": 0.0,
				"b": 0.0,
				"a": 0.0
			},
			"0.25": {
				"r": 0.0,
				"g": 0.0,
				"b": 0.0,
				"a": 0.0
			},
			"0.375": {
				"r": 0.0,
				"g": 0.0,
				"b": 0.0,
				"a": 0.0
			},
			"0.5": {
				"r": 0.0,
				"g": 0.0,
				"b": 0.0,
				"a": 0.0
			},
			"0.625": {
				"r": 0.784314,
				"g": 0.784314,
				"b": 0.784314,
				"a": 0.0
			}
		},
		"galaxyColor": {
			"0.75": {
				"r": 0.0,
				"g": 0.0,
				"b": 0.0,
				"a": 0.2
			},
			"0.875": {
				"r": 0.0,
				"g": 0.0,
				"b": 0.0,
				"a": 0.151
			},
			"0.0": {
				"r": 0.0,
				"g": 0.0,
				"b": 0.0,
				"a": 0.192
			},
			"0.125": {
				"r": 0.0,
				"g": 0.0,
				"b": 0.0,
				"a": 0.151
			},
			"0.2476852": {
				"r": 0.0,
				"g": 0.0,
				"b": 0.0,
				"a": 0.11
			},
			"0.375": {
				"r": 0.0,
				"g": 0.0,
				"b": 0.0,
				"a": 0.226
			},
			"0.5": {
				"r": 0.5,
				"g": 0.5,
				"b": 0.5,
				"a": 0.075
			},
			"0.625": {
				"r": 0.0,
				"g": 0.0,
				"b": 0.0,
				"a": 0.349
			}
		}
	}
}
