{
	"normal": {
		"sunColor": {
		},
		"sunLightColor": {
			"0": {
				"r": 0.949,
				"g": 0.851,
				"b": 0.263,
				"a": 1.0
			},
			"0.25": {
				"r": 0.8,
				"g": 0.8,
				"b": 0.8,
				"a": 1.0
			},
			"0.375": {
				"r": 0.849,
				"g": 0.79,
				"b": 0.763,
				"a": 1.0
			},
			"0.4375": {
				"r": 0.949,
				"g": 0.851,
				"b": 0.263,
				"a": 1.0
			},
			"0.5": {
				"r": 0.949,
				"g": 0.851,
				"b": 0.263,
				"a": 1.0
			},
			"0.625": {
				"r": 0.949,
				"g": 0.851,
				"b": 0.263,
				"a": 1.0
			}
		},
		"ambLightColor": {
			"0": {
				"r": 0.4,
				"g": 0.4,
				"b": 0.4,
				"a": 1.0
			},
			"0.25": {
				"r": 0.6,
				"g": 0.6,
				"b": 0.6,
				"a": 1.0
			},
			"0.625": {
				"r": 0.5,
				"g": 0.5,
				"b": 0.5,
				"a": 1.0
			},
			"0.75": {
				"r": 0.3,
				"g": 0.3,
				"b": 0.3,
				"a": 1.0
			},
			"0.875": {
				"r": 0.5,
				"g": 0.5,
				"b": 0.5,
				"a": 1.0
			}
		},
		"skyTopColor": {
			"0": {
				"r": 0.09,
				"g": 0.106,
				"b": 0.129,
				"a": 1.0
			},
			"0.5": {
				"r": 0.09,
				"g": 0.106,
				"b": 0.129,
				"a": 1.0
			},
			"0.75": {
				"r": 0.054902,
				"g": 0.086275,
				"b": 0.121569,
				"a": 1.0
			}
		},
		"skyMiddleColor": {
			"0": {
				"r": 0.741,
				"g": 0.871,
				"b": 0.882,
				"a": 1.0
			},
			"0.375": {
				"r": 0.741,
				"g": 0.871,
				"b": 0.882,
				"a": 1.0
			},
			"0.5": {
				"r": 0.949,
				"g": 0.851,
				"b": 0.263,
				"a": 1.0
			},
			"0.75": {
				"r": 0.266667,
				"g": 0.321569,
				"b": 0.337255,
				"a": 1.0
			}
		},
		"skyBottomColor": {
			"0": {
				"r": 0.09,
				"g": 0.106,
				"b": 0.129,
				"a": 1.0
			},
			"0.5": {
				"r": 0.09,
				"g": 0.106,
				"b": 0.129,
				"a": 1.0
			},
			"0.75": {
				"r": 0.054902,
				"g": 0.086275,
				"b": 0.121569,
				"a": 1.0
			}
		},
		"sunShineColor": {
			"0.375": {
				"r": 0,
				"g": 0,
				"b": 0,
				"a": 0
			},
			"0.5": {
				"r": 0.949,
				"g": 0.851,
				"b": 0.263,
				"a": 1
			},
			"0.625": {
				"r": 0,
				"g": 0,
				"b": 0,
				"a": 0
			}
		},
		"starsOpacity": {
			"0.5": 0,
			"0.75": 1,
			"1": 0
		}
	}
}
