{
	"normal": {
		"sunColor": {
			"0.75": {
				"r": 0.0,
				"g": 0.0,
				"b": 0.0,
				"a": 0.0
			},
			"0.875": {
				"r": 0.439216,
				"g": 0.090196,
				"b": 0.0,
				"a": 0.0
			},
			"0.0": {
				"r": 1.0,
				"g": 1.0,
				"b": 0.109804,
				"a": 0.0
			},
			"0.125": {
				"r": 1.0,
				"g": 1.0,
				"b": 1.0,
				"a": 0.0
			},
			"0.25": {
				"r": 1.0,
				"g": 1.0,
				"b": 1.0,
				"a": 0.0
			},
			"0.375": {
				"r": 1.0,
				"g": 1.0,
				"b": 1.0,
				"a": 0.0
			},
			"0.5": {
				"r": 0.486275,
				"g": 0.266667,
				"b": 0.113725,
				"a": 0.0
			},
			"0.625": {
				"r": 0.0,
				"g": 0.0,
				"b": 0.0,
				"a": 0.0
			}
		},
		"sunLightColor": {
			"0.75": {
				"r": 0.156863,
				"g": 0.211765,
				"b": 0.317647,
				"a": 0.0
			},
			"0.875": {
				"r": 1.0,
				"g": 0.572549,
				"b": 0.141176,
				"a": 0.0
			},
			"0.0": {
				"r": 1.0,
				"g": 0.517647,
				"b": 0.035294,
				"a": 0.0
			},
			"0.125": {
				"r": 1.0,
				"g": 0.992157,
				"b": 1.0,
				"a": 0.0
			},
			"0.25": {
				"r": 1.0,
				"g": 1.0,
				"b": 1.0,
				"a": 0.0
			},
			"0.375": {
				"r": 1.0,
				"g": 1.0,
				"b": 1.0,
				"a": 0.0
			},
			"0.5": {
				"r": 0.909804,
				"g": 0.588235,
				"b": 0.235294,
				"a": 0.0
			},
			"0.625": {
				"r": 0.294118,
				"g": 0.533333,
				"b": 0.647059,
				"a": 0.0
			}
		},
		"ambLightColor": {
			"0.75": {
				"r": 0.184314,
				"g": 0.227451,
				"b": 0.25098,
				"a": 0.0
			},
			"0.875": {
				"r": 0.3,
				"g": 0.1,
				"b": 0.0,
				"a": 0.0
			},
			"0.0": {
				"r": 0.3,
				"g": 0.1,
				"b": 0.0,
				"a": 0.0
			},
			"0.125": {
				"r": 0.054902,
				"g": 0.137255,
				"b": 0.152941,
				"a": 0.0
			},
			"0.25": {
				"r": 0.090196,
				"g": 0.196078,
				"b": 0.223529,
				"a": 0.0
			},
			"0.375": {
				"r": 0.07451,
				"g": 0.101961,
				"b": 0.101961,
				"a": 0.0
			},
			"0.5": {
				"r": 0.466667,
				"g": 0.05098,
				"b": 0.05098,
				"a": 0.0
			},
			"0.625": {
				"r": 0.0,
				"g": 0.0,
				"b": 0.0,
				"a": 0.0
			}
		},
		"skyTopColor": {
			"0.0": {
				"r": 0.16470589,
				"g": 0.19215687,
				"b": 0.20392157,
				"a": 1.0
			},
			"0.125": {
				"r": 0.11372549,
				"g": 0.26666668,
				"b": 0.3137255,
				"a": 1.0
			},
			"0.25": {
				"r": 0.101960786,
				"g": 0.25882354,
				"b": 0.35686275,
				"a": 1.0
			},
			"0.375": {
				"r": 0.101960786,
				"g": 0.27450982,
				"b": 0.3647059,
				"a": 1.0
			},
			"0.5": {
				"r": 0.27450982,
				"g": 0.26666668,
				"b": 0.21960784,
				"a": 1.0
			},
			"0.625": {
				"r": 0.10980392,
				"g": 0.15686275,
				"b": 0.20392157,
				"a": 1.0
			},
			"0.75": {
				"r": 0.047058824,
				"g": 0.08235294,
				"b": 0.12156863,
				"a": 1.0
			},
			"0.875": {
				"r": 0.19215687,
				"g": 0.1764706,
				"b": 0.16862746,
				"a": 1.0
			}
		},
		"skyMiddleColor": {
			"0.0": {
				"r": 0.76862746,
				"g": 0.65158373,
				"b": 0.4015083,
				"a": 1.0
			},
			"0.125": {
				"r": 0.5647059,
				"g": 0.77647054,
				"b": 0.80392164,
				"a": 1.0
			},
			"0.25": {
				"r": 0.5686274,
				"g": 0.77647054,
				"b": 0.8196078,
				"a": 1.0
			},
			"0.375": {
				"r": 0.5764705,
				"g": 0.8117647,
				"b": 0.86666673,
				"a": 1.0
			},
			"0.5": {
				"r": 0.7209653,
				"g": 0.54630464,
				"b": 0.23137258,
				"a": 1.0
			},
			"0.625": {
				"r": 0.24705885,
				"g": 0.3653092,
				"b": 0.47631976,
				"a": 1.0
			},
			"0.75": {
				"r": 0.20844644,
				"g": 0.3285068,
				"b": 0.4386124,
				"a": 1.0
			},
			"0.875": {
				"r": 0.7794872,
				"g": 0.59155357,
				"b": 0.21809953,
				"a": 1.0
			}
		},
		"skyBottomColor": {
			"0.0": {
				"r": 0.5137255,
				"g": 0.30980393,
				"b": 0.15686275,
				"a": 1.0
			},
			"0.125": {
				"r": 0.6313726,
				"g": 0.69411767,
				"b": 0.64705884,
				"a": 1.0
			},
			"0.25": {
				"r": 0.6313726,
				"g": 0.68235296,
				"b": 0.654902,
				"a": 1.0
			},
			"0.375": {
				"r": 0.5372549,
				"g": 0.44705883,
				"b": 0.32156864,
				"a": 1.0
			},
			"0.5": {
				"r": 0.43137255,
				"g": 0.21960784,
				"b": 0.07450981,
				"a": 1.0
			},
			"0.625": {
				"r": 0.12941177,
				"g": 0.19215687,
				"b": 0.25490198,
				"a": 1.0
			},
			"0.75": {
				"r": 0.05490196,
				"g": 0.09411765,
				"b": 0.12941177,
				"a": 1.0
			},
			"0.875": {
				"r": 0.4745098,
				"g": 0.25882354,
				"b": 0.08627451,
				"a": 1.0
			}
		},
		"sunShineColor": {
			"0.375": {
				"r": 0,
				"g": 0,
				"b": 0,
				"a": 0
			},
			"0.5": {
				"r": 0.949,
				"g": 0.851,
				"b": 0.263,
				"a": 1
			},
			"0.625": {
				"r": 0,
				"g": 0,
				"b": 0,
				"a": 0
			}
		},
		"starsColor": {
			"0.75": {
				"r": 1.0,
				"g": 1.0,
				"b": 1.0,
				"a": 1.0
			},
			"0.875": {
				"r": 0.0,
				"g": 0.0,
				"b": 0.0,
				"a": 0.0
			},
			"0.0": {
				"r": 0.0,
				"g": 0.0,
				"b": 0.0,
				"a": 0.0
			},
			"0.125": {
				"r": 0.0,
				"g": 0.0,
				"b": 0.0,
				"a": 0.0
			},
			"0.25": {
				"r": 0.0,
				"g": 0.0,
				"b": 0.0,
				"a": 0.0
			},
			"0.375": {
				"r": 0.0,
				"g": 0.0,
				"b": 0.0,
				"a": 0.0
			},
			"0.5": {
				"r": 0.0,
				"g": 0.0,
				"b": 0.0,
				"a": 0.0
			},
			"0.625": {
				"r": 0.784314,
				"g": 0.784314,
				"b": 0.784314,
				"a": 0.0
			}
		},
		"galaxyColor": {
			"0.75": {
				"r": 0.0,
				"g": 0.0,
				"b": 0.0,
				"a": 0.2
			},
			"0.875": {
				"r": 0.0,
				"g": 0.0,
				"b": 0.0,
				"a": 0.151
			},
			"0.0": {
				"r": 0.0,
				"g": 0.0,
				"b": 0.0,
				"a": 0.192
			},
			"0.125": {
				"r": 0.0,
				"g": 0.0,
				"b": 0.0,
				"a": 0.151
			},
			"0.2476852": {
				"r": 0.0,
				"g": 0.0,
				"b": 0.0,
				"a": 0.11
			},
			"0.375": {
				"r": 0.0,
				"g": 0.0,
				"b": 0.0,
				"a": 0.226
			},
			"0.5": {
				"r": 0.5,
				"g": 0.5,
				"b": 0.5,
				"a": 0.075
			},
			"0.625": {
				"r": 0.0,
				"g": 0.0,
				"b": 0.0,
				"a": 0.349
			}
		}
	}
}
